Id,Category
0_2_20170116173539623.jpg,1
1_0_20170105003308781.jpg,1
0_1_20170116010114628.jpg,2
0_1_20170113142101291.jpg,2
0_0_20170110224324459.jpg,2
1_3_20170117141108233.jpg,1
1_0_20170104011720664.jpg,1
0_0_20170113185024040.jpg,3
1_3_20161220145749167.jpg,2
1_2_20161219142015873.jpg,0
1_1_20170117022255162.jpg,2
0_1_20170113174433771.jpg,3
0_3_20170119205507599.jpg,2
0_2_20161219194859803.jpg,0
0_0_20170117123744051.jpg,2
1_0_20170105173205092.jpg,4
0_3_20170119200245532.jpg,3
0_3_20170119184153479.jpg,4
1_0_20170109205056743.jpg,2
0_3_20170119162826244.jpg,4
1_0_20170109213613605.jpg,1
0_0_20170119201555940.jpg,3
1_2_20170116184835533.jpg,2
0_0_20170117135012246.jpg,4
1_0_20170109191351622.jpg,0
0_0_20170110232725516.jpg,1
1_2_20170108224309241.jpg,2
0_1_20170117193258978.jpg,3
0_0_20170116193939412.jpg,2
0_1_20170116204403032.jpg,2
0_1_20170117104624750.jpg,4
1_1_20170105172848997.jpg,2
0_2_20161219213454832.jpg,0
1_0_20170105172417134.jpg,2
1_0_20170109212530499.jpg,0
1_1_20170112234348991.jpg,1
0_0_20170113183730823.jpg,4
0_3_20170104214613229.jpg,2
0_2_20161219161037494.jpg,0
0_2_20170116191445634.jpg,2
0_3_20161220223247506.jpg,0
0_1_20170113173645019.jpg,3
1_3_20170119193116354.jpg,2
0_4_20170117203144623.jpg,3
0_2_20161219212403166.jpg,0
0_2_20170116181259501.jpg,2
0_0_20170117202406775.jpg,2
0_0_20170110205349508.jpg,0
0_1_20170113183822367.jpg,2
1_1_20170117183916995.jpg,2
0_3_20170119144359718.jpg,2
1_0_20170109214024612.jpg,0
0_3_20170119204443991.jpg,4
0_0_20170117185152073.jpg,2
1_4_20170103222949566.jpg,2
0_0_20170116222338389.jpg,2
0_3_20170119171751384.jpg,4
1_1_20170116152550099.jpg,2
0_0_20170117153924476.jpg,2
0_2_20170116233726860.jpg,2
0_1_20170110213707879.jpg,0
1_0_20170104181504164.jpg,1
0_4_20170117183809714.jpg,2
0_0_20170110215925587.jpg,0
0_0_20170117170513474.jpg,4
0_0_20170103201439825.jpg,1
1_2_20161219142641921.jpg,1
0_0_20170111171747294.jpg,4
0_0_20170110232108336.jpg,0
1_0_20170109204241570.jpg,1
1_0_20170109204833458.jpg,0
0_1_20170116001219696.jpg,2
0_2_20161219151847379.jpg,1
0_0_20170105164829293.jpg,4
1_0_20170117000354691.jpg,2
0_0_20170110220150362.jpg,0
1_3_20170104232518026.jpg,2
0_1_20170113190332490.jpg,1
1_0_20170109200933192.jpg,0
1_1_20170116235127595.jpg,1
0_0_20170117150006042.jpg,2
0_3_20161220222945883.jpg,0
1_0_20170105165034356.jpg,4
1_3_20161220220209321.jpg,0
1_2_20170116170358089.jpg,1
0_0_20170110232307970.jpg,2
0_2_20170104202320617.jpg,2
1_0_20170109140758891.jpg,3
0_0_20170120220720314.jpg,4
1_0_20170117175940947.jpg,2
0_2_20161219190020899.jpg,1
1_0_20170117193303188.jpg,1
1_2_20170116164204569.jpg,2
0_1_20170117135116141.jpg,4
1_3_20170104232111402.jpg,2
1_0_20170109194038813.jpg,0
0_0_20170103182808586.jpg,4
0_3_20170119181337573.jpg,3
0_0_20170104204438250.jpg,2
0_3_20170119165437319.jpg,4
0_0_20170105164554548.jpg,4
1_2_20161219202522028.jpg,0
0_3_20170119180442156.jpg,2
0_3_20170104225245755.jpg,2
0_2_20170116182447321.jpg,2
0_0_20170117151322627.jpg,2
0_1_20170113174858707.jpg,2
0_2_20161219195959395.jpg,0
0_0_20170110225608402.jpg,0
0_0_20170120222217575.jpg,4
1_3_20170119165918215.jpg,2
0_0_20170110224429257.jpg,0
0_0_20170117140759528.jpg,2
0_0_20170117135339136.jpg,3
1_2_20170116184530259.jpg,1
0_0_20170117160624326.jpg,3
0_0_20170105164910285.jpg,4
1_1_20170114024610489.jpg,2
1_1_20170113003718549.jpg,1
0_3_20170117151020539.jpg,2
0_2_20170104184907998.jpg,2
0_0_20170104212134308.jpg,4
1_0_20170117140258008.jpg,1
1_2_20170116161954400.jpg,1
1_3_20170117175954467.jpg,2
0_0_20170117154522422.jpg,2
0_0_20170110231841292.jpg,1
1_3_20170104222204751.jpg,2
1_4_20170109212947695.jpg,2
1_0_20170103162925343.jpg,0
1_1_20170116233714695.jpg,1
1_3_20170117121011234.jpg,2
0_3_20170109131758363.jpg,0
0_0_20170105184049223.jpg,2
1_0_20170117170803122.jpg,2
1_0_20170109214527742.jpg,1
0_3_20170119204553167.jpg,2
1_1_20170113001546316.jpg,2
1_1_20170112220414584.jpg,2
0_2_20170117160456200.jpg,2
0_0_20170119202349909.jpg,4
1_1_20170109212440397.jpg,1
0_4_20170117140108503.jpg,4
1_0_20170109213109287.jpg,2
1_1_20170117170628763.jpg,2
1_3_20170109134452703.jpg,2
0_4_20170117193424333.jpg,3
1_0_20170109214216731.jpg,0
1_0_20170117141313938.jpg,1
0_1_20170116200714834.jpg,2
0_1_20170114030958039.jpg,2
1_3_20170104231741609.jpg,2
0_1_20170104012054585.jpg,1
1_1_20170116020406238.jpg,2
1_0_20170109202813775.jpg,4
0_0_20170110213206043.jpg,0
0_0_20170117133102084.jpg,1
1_2_20170104020257804.jpg,2
1_2_20170104234746818.jpg,1
1_3_20161219224922904.jpg,0
1_0_20170104005158239.jpg,1
0_1_20170113142027250.jpg,3
1_0_20170109204325267.jpg,1
0_0_20170110225508509.jpg,0
0_0_20170104181613885.jpg,4
0_3_20161220222459155.jpg,0
1_2_20170116175900172.jpg,1
1_1_20170117010132729.jpg,3
1_1_20170117173927950.jpg,2
0_0_20170104212545028.jpg,4
1_0_20170105161501346.jpg,1
1_0_20170109193010080.jpg,0
1_4_20161221193144389.jpg,0
0_3_20170109141132255.jpg,2
0_1_20170113133115864.jpg,2
0_1_20170110225103801.jpg,1
1_2_20161219222154119.jpg,0
1_2_20170116180014046.jpg,2
1_1_20170116153749007.jpg,2
1_1_20170116160632406.jpg,2
1_3_20170104222038870.jpg,2
1_0_20170109192447108.jpg,0
0_0_20170113210319338.jpg,3
0_3_20170119200820284.jpg,4
1_3_20170104232454786.jpg,1
0_3_20170119155521690.jpg,3
0_0_20170117180339845.jpg,4
1_0_20170109193839054.jpg,0
1_0_20170110143343917.jpg,1
0_3_20170119180446828.jpg,2
1_1_20170113005018855.jpg,2
1_0_20170109193957869.jpg,0
0_0_20170110231725022.jpg,0
1_0_20170109192159501.jpg,0
1_3_20161220144844310.jpg,0
0_4_20170103200409638.jpg,1
1_0_20170110123120845.jpg,2
1_2_20170104020739364.jpg,1
1_2_20170104021917324.jpg,2
0_0_20170114025941650.jpg,1
1_4_20170103233649970.jpg,1
0_4_20170103202417352.jpg,2
1_1_20170115234825058.jpg,1
1_1_20170116175401101.jpg,2
1_0_20170117150303070.jpg,1
1_4_20170103213051380.jpg,1
0_1_20170114034635292.jpg,2
1_1_20170116022001556.jpg,2
0_1_20170113141746548.jpg,2
0_0_20170116205554725.jpg,1
0_0_20170117140842001.jpg,2
0_2_20170110211530774.jpg,1
0_1_20170113155255651.jpg,3
0_0_20170119171850161.jpg,4
1_0_20170109133809164.jpg,2
1_0_20170117153205725.jpg,1
0_2_20161219212555694.jpg,0
1_2_20170103200931103.jpg,1
0_3_20170119181330668.jpg,4
0_0_20170117135342519.jpg,4
0_3_20161219225032897.jpg,0
1_0_20170109205015327.jpg,1
1_2_20170116174850070.jpg,2
0_1_20170113183153677.jpg,2
1_0_20170104183430557.jpg,4
1_0_20170109200841548.jpg,1
0_0_20170104202635938.jpg,4
0_0_20170110224607682.jpg,1
0_0_20170110222903669.jpg,0
0_1_20170117172711486.jpg,2
1_3_20170109134207312.jpg,2
0_0_20170117155008266.jpg,2
1_0_20170114025204820.jpg,2
1_0_20170109205127726.jpg,0
1_0_20161219205529388.jpg,0
0_3_20161220220738826.jpg,0
0_0_20170110232735095.jpg,4
0_0_20170116233229437.jpg,3
0_0_20170104230750674.jpg,1
0_3_20170119184305598.jpg,3
0_1_20170117134722884.jpg,2
0_3_20161220143114408.jpg,0
0_0_20170116232429422.jpg,3
0_3_20161219225820704.jpg,0
1_3_20170117150530668.jpg,2
0_0_20170117184947657.jpg,3
1_4_20161221193634726.jpg,0
1_3_20170104235830612.jpg,2
1_0_20170109150822520.jpg,2
0_3_20170104220721736.jpg,4
0_3_20170119171305632.jpg,3
1_0_20170109134235854.jpg,3
0_1_20170113182309733.jpg,4
0_0_20170109013142560.jpg,3
0_0_20170117163226874.jpg,3
1_1_20170105001003876.jpg,2
0_1_20170105172620093.jpg,2
1_1_20170113012800201.jpg,2
1_0_20170117190015938.jpg,2
0_1_20170111200735373.jpg,1
1_0_20170109194032969.jpg,0
0_3_20170119171523303.jpg,2
0_0_20170109194439365.jpg,0
1_0_20170104165415377.jpg,1
1_3_20170104231657849.jpg,1
0_0_20170109193823674.jpg,0
0_0_20170113133551354.jpg,2
1_0_20170109141437262.jpg,2
1_2_20161219212055926.jpg,0
1_0_20170104012017177.jpg,3
0_3_20170119200136571.jpg,3
1_2_20170105172732733.jpg,2
0_0_20170105173121444.jpg,4
1_1_20170117193944155.jpg,2
0_2_20170110224711687.jpg,1
1_4_20161223230110540.jpg,2
0_0_20170110220700428.jpg,1
0_3_20170104201852330.jpg,2
0_0_20170110224528797.jpg,3
1_4_20170104011755640.jpg,2
0_0_20170110225617650.jpg,2
0_2_20170116165216481.jpg,2
0_0_20170117120914517.jpg,2
0_2_20161219205548949.jpg,0
0_4_20161221202233593.jpg,0
1_2_20170116184651548.jpg,2
0_1_20170113142324284.jpg,2
1_2_20170116192923098.jpg,2
0_0_20170110225451638.jpg,0
0_0_20170117130637562.jpg,3
1_2_20161219140554092.jpg,0
0_4_20170105183328551.jpg,2
0_0_20170110212748579.jpg,0
1_0_20170120222640234.jpg,4
0_3_20170119195114531.jpg,2
0_2_20170103201038791.jpg,3
0_2_20170116172939892.jpg,1
1_0_20161219154506229.jpg,0
1_0_20170109204836782.jpg,0
1_0_20170109141308065.jpg,2
0_4_20170103210008641.jpg,2
1_2_20170105183412088.jpg,1
1_0_20170109194115394.jpg,0
1_4_20170109002558079.jpg,2
1_0_20170117183059886.jpg,2
1_0_20170109212959831.jpg,2
1_1_20170116162028041.jpg,2
0_0_20170104201459001.jpg,4
1_1_20170116021937896.jpg,2
1_0_20170109193015973.jpg,0
1_4_20170103201320721.jpg,1
0_0_20170104185007076.jpg,4
1_1_20170116184558816.jpg,2
0_3_20161220222446715.jpg,0
1_3_20170117182841270.jpg,2
0_3_20170119183204846.jpg,3
0_1_20170113133331563.jpg,2
1_2_20170116163552814.jpg,2
1_0_20170116003240193.jpg,2
0_0_20170110232646170.jpg,3
1_1_20170113001152068.jpg,1
1_0_20170105172420589.jpg,2
0_2_20170116163531048.jpg,2
1_1_20170116155827602.jpg,3
1_2_20161219205048452.jpg,0
0_1_20170117171914289.jpg,4
1_0_20170117163607667.jpg,2
0_0_20170117175629731.jpg,1
0_0_20170104210107057.jpg,3
1_1_20170116160832540.jpg,2
0_4_20170103201105568.jpg,1
1_1_20170112191319941.jpg,1
0_0_20170116224726258.jpg,4
1_0_20170117155109008.jpg,4
1_0_20161219204602748.jpg,1
0_0_20170117190157234.jpg,2
0_1_20170117173432690.jpg,4
0_0_20170117134906182.jpg,3
0_1_20170117202354238.jpg,2
0_0_20170111201220613.jpg,3
1_0_20170105183522855.jpg,1
0_0_20170117181213181.jpg,4
1_0_20170109213904824.jpg,1
0_3_20170119204239438.jpg,3
0_1_20170117135949737.jpg,2
0_2_20170116185014529.jpg,2
0_3_20170119195247387.jpg,3
0_0_20170110220241330.jpg,2
0_0_20170110212956113.jpg,0
1_2_20161219151151323.jpg,0
1_0_20170109205130906.jpg,1
1_1_20170112230547118.jpg,1
1_2_20170104015722028.jpg,1
1_2_20161219205514837.jpg,0
1_0_20170109201603478.jpg,1
1_0_20170109201930035.jpg,1
0_1_20170113184819320.jpg,2
0_2_20170117140013545.jpg,4
0_0_20170105163508427.jpg,2
0_3_20170119194554827.jpg,2
1_1_20170114024652649.jpg,2
0_3_20170119201908108.jpg,4
0_1_20170103183118882.jpg,4
1_4_20170104165850314.jpg,2
1_2_20161219190706307.jpg,1
0_3_20170119211711001.jpg,2
1_2_20161219160308941.jpg,2
0_3_20170104204432075.jpg,3
1_3_20170119200614779.jpg,2
0_0_20170117152322862.jpg,4
1_0_20170109201641541.jpg,0
0_3_20170119172226210.jpg,2
1_0_20170104185100237.jpg,4
1_4_20170105001146812.jpg,2
1_1_20170113003536772.jpg,2
0_0_20170117200045150.jpg,1
0_0_20170119175528635.jpg,2
0_1_20170117140659728.jpg,3
0_0_20170117181222276.jpg,4
0_3_20170119181020595.jpg,3
0_1_20170113152022544.jpg,3
0_1_20170113175646676.jpg,2
1_3_20170119180453339.jpg,2
1_2_20170116184134921.jpg,2
0_0_20170116233154004.jpg,4
1_1_20170120220526706.jpg,2
1_0_20170109192451846.jpg,0
0_0_20170117134918378.jpg,2
1_0_20170110154306423.jpg,0
1_4_20170103204825447.jpg,0
1_3_20170104221920967.jpg,3
1_0_20170113210605193.jpg,0
0_2_20161219192408395.jpg,1
1_4_20170105170029053.jpg,2
0_1_20170116002835308.jpg,2
1_4_20161221193352350.jpg,0
0_4_20161221193434166.jpg,0
1_2_20170116171710952.jpg,1
0_0_20170117172543924.jpg,2
1_0_20170109220544479.jpg,4
1_0_20170111182452781.jpg,4
1_4_20170117185609466.jpg,1
0_3_20170119204808215.jpg,2
1_0_20170110141422320.jpg,1
1_2_20170116173018704.jpg,2
1_2_20161219160221254.jpg,1
0_1_20170113141623772.jpg,3
1_1_20170112231614270.jpg,2
1_3_20170104231923674.jpg,2
1_1_20170112210531485.jpg,2
1_2_20170116161343328.jpg,1
1_1_20170116153744623.jpg,2
1_1_20170117134015960.jpg,2
0_2_20161219160003893.jpg,1
1_4_20170109193938953.jpg,0
0_0_20170104210147596.jpg,4
1_0_20170117143843323.jpg,3
0_1_20170117021402997.jpg,4
0_0_20170105183615673.jpg,2
0_3_20170119203909752.jpg,4
1_3_20161219224808112.jpg,1
0_0_20170110232452356.jpg,1
0_2_20170116193015006.jpg,2
1_1_20170113000544753.jpg,2
1_3_20161220220625842.jpg,1
0_0_20170117140009463.jpg,4
0_3_20170117145631891.jpg,3
0_0_20170117135518232.jpg,4
1_2_20170105165156291.jpg,2
1_3_20170109131950179.jpg,2
0_3_20170117141539041.jpg,2
1_0_20170109213850161.jpg,1
0_3_20170117140021091.jpg,4
1_3_20170104222922568.jpg,2
0_0_20170110232448997.jpg,4
1_0_20170117140331327.jpg,2
0_3_20170112220259809.jpg,4
1_0_20170109204605797.jpg,1
1_0_20170120133325603.jpg,1
1_0_20170117013808240.jpg,2
1_3_20170119192323474.jpg,2
0_0_20170117154804658.jpg,3
1_4_20170103223121735.jpg,1
0_2_20161219192432539.jpg,2
1_0_20170103183831466.jpg,4
1_0_20170109214633067.jpg,1
0_0_20170117140655657.jpg,4
0_3_20170117180741530.jpg,2
0_1_20170113155022867.jpg,3
0_0_20170110220624626.jpg,1
0_0_20170117135659058.jpg,2
1_3_20170109141445294.jpg,2
0_0_20170117145758955.jpg,2
0_0_20170110220134026.jpg,1
1_3_20170117132700450.jpg,2
0_0_20170110225232046.jpg,0
1_0_20170119145731470.jpg,2
0_2_20161219162438366.jpg,0
1_0_20170117154139859.jpg,3
1_0_20170109190516025.jpg,0
1_0_20170117182452621.jpg,2
0_1_20170110232537879.jpg,1
0_3_20170117133729763.jpg,4
1_2_20170116163806963.jpg,1
1_2_20161219204430596.jpg,0
1_1_20170117172409586.jpg,2
1_0_20170116214216387.jpg,3
0_2_20170116164754783.jpg,1
0_0_20170110213507337.jpg,0
1_3_20161220145228183.jpg,0
0_0_20170120220115217.jpg,2
1_1_20170116022038426.jpg,2
0_0_20170110232327328.jpg,0
0_1_20170117103419741.jpg,3
0_0_20170104200811706.jpg,4
0_0_20170104202600778.jpg,3
0_3_20161220222705570.jpg,0
0_0_20170117202657886.jpg,2
0_0_20170117180951076.jpg,2
1_2_20170116192456158.jpg,2
0_3_20170119203944694.jpg,4
1_0_20170105173544229.jpg,4
0_3_20170117154729846.jpg,2
0_1_20170113151900392.jpg,3
0_4_20170104000927484.jpg,4
1_3_20161220223052131.jpg,1
1_2_20170116171205598.jpg,1
0_1_20170117190323954.jpg,4
0_0_20170113133053319.jpg,2
0_3_20170104230413577.jpg,2
0_2_20161219221937375.jpg,0
0_1_20170113133034151.jpg,3
1_1_20170112205215428.jpg,1
1_0_20170105000707730.jpg,1
1_0_20170109194413813.jpg,0
0_3_20170119200756100.jpg,3
1_0_20170109213608540.jpg,2
1_0_20170117152131106.jpg,1
1_0_20170116211743925.jpg,2
0_2_20161219190941315.jpg,0
0_0_20170110224408700.jpg,2
1_4_20170103225902242.jpg,2
1_0_20170105000634011.jpg,1
0_3_20170119191815385.jpg,2
0_0_20170110232117349.jpg,3
1_2_20161219221140063.jpg,1
1_0_20170109193136416.jpg,1
1_2_20161219193510436.jpg,0
1_0_20170104022856102.jpg,2
1_0_20170104172936762.jpg,4
0_0_20170104204517779.jpg,3
0_2_20161219141650121.jpg,1
1_0_20170109204314585.jpg,1
0_1_20170110213803097.jpg,0
0_0_20170112220318448.jpg,2
1_3_20170116170836443.jpg,2
0_0_20170117154349847.jpg,4
1_1_20170116164052068.jpg,2
0_0_20170117193153029.jpg,2
1_0_20170109191000191.jpg,0
0_0_20170117153835602.jpg,2
1_0_20170112203844509.jpg,2
0_4_20170104183938014.jpg,4
0_0_20170110215629811.jpg,0
0_0_20170117003449983.jpg,2
0_0_20170105172350421.jpg,4
0_0_20170117135334839.jpg,4
1_0_20170117154913871.jpg,3
0_3_20161220145820446.jpg,0
1_0_20170113010345079.jpg,3
1_1_20170116160640036.jpg,2
0_4_20170116213431880.jpg,2
1_0_20170109213642438.jpg,1
0_4_20170116232936514.jpg,3
0_0_20170110232257182.jpg,4
1_2_20170116175148849.jpg,1
1_0_20170117121910432.jpg,1
1_1_20170117001143232.jpg,4
1_0_20170109214455239.jpg,1
1_2_20161219212017166.jpg,0
1_4_20170103225928346.jpg,2
0_0_20170117165141482.jpg,4
1_2_20170116191309887.jpg,1
0_1_20170104185752431.jpg,4
1_2_20161219205437357.jpg,0
1_0_20170109214200825.jpg,2
0_2_20170116172425264.jpg,1
0_0_20170117191037435.jpg,1
1_3_20170109140647801.jpg,1
0_0_20170116225153572.jpg,3
1_0_20170117150810173.jpg,1
0_3_20170104013250186.jpg,1
1_3_20170104222029447.jpg,2
1_4_20161221200153784.jpg,0
1_2_20170116165051346.jpg,1
1_0_20170114031424981.jpg,2
0_3_20170119203950879.jpg,4
0_0_20170117181104996.jpg,2
0_3_20170113184235991.jpg,4
0_2_20161219221714703.jpg,0
1_2_20170104200556817.jpg,1
1_0_20170111182452933.jpg,2
0_0_20170110215534588.jpg,1
1_3_20170119155040320.jpg,2
1_1_20170112230617333.jpg,1
0_0_20170120134009260.jpg,4
1_2_20170116173220910.jpg,1
0_0_20170117144411849.jpg,3
0_0_20170104205743292.jpg,4
1_1_20170113001658573.jpg,2
0_2_20161219201319628.jpg,0
1_0_20170109214106546.jpg,3
0_0_20170111181750357.jpg,2
1_1_20170113001257466.jpg,2
0_3_20170119205600824.jpg,2
0_4_20170117153706349.jpg,2
0_3_20170117134205757.jpg,2
1_4_20170103223231399.jpg,2
0_0_20161219154556757.jpg,0
0_3_20170119171146199.jpg,4
0_3_20161219230224536.jpg,0
1_0_20161219204702517.jpg,0
1_3_20170119202200788.jpg,2
0_3_20170119183536726.jpg,2
1_0_20170109193455503.jpg,0
1_2_20170104013444322.jpg,1
0_3_20161219224713216.jpg,0
0_0_20161219154956869.jpg,0
1_0_20170104170321489.jpg,1
1_2_20170116172814255.jpg,1
1_0_20170103183624314.jpg,4
1_2_20170116161958086.jpg,1
1_4_20170116201655721.jpg,1
1_3_20170109213106901.jpg,1
1_3_20170117144854965.jpg,1
1_0_20170109012224846.jpg,3
0_3_20170104220818198.jpg,4
0_0_20170110224801290.jpg,1
1_0_20170109213247084.jpg,1
0_0_20170120222544769.jpg,4
0_1_20170110213649083.jpg,0
0_1_20170113190349585.jpg,2
1_2_20170105184025097.jpg,2
0_0_20170117134908039.jpg,3
1_0_20170117141358391.jpg,1
1_3_20170117141253241.jpg,2
1_0_20170117150909051.jpg,2
1_0_20170117155121820.jpg,2
0_2_20170116170855714.jpg,2
1_2_20170116180713266.jpg,1
1_0_20170105164202500.jpg,4
0_0_20170110220536562.jpg,1
0_2_20170116192009515.jpg,2
1_1_20170117140855418.jpg,1
1_4_20170103213243276.jpg,0
0_4_20170103205108602.jpg,0
1_0_20170104183404469.jpg,4
0_3_20161219230714633.jpg,0
1_2_20161219195855851.jpg,1
0_1_20170113173408993.jpg,2
1_0_20170102234728107.jpg,1
0_3_20170119171812944.jpg,3
1_3_20161219224454728.jpg,0
0_0_20170104204247899.jpg,4
1_0_20170117144452546.jpg,2
1_2_20170116184821778.jpg,2
0_1_20170117010714017.jpg,2
1_0_20170104164847153.jpg,2
1_0_20170119192512353.jpg,4
1_0_20170109203407112.jpg,0
0_0_20170110224531616.jpg,1
1_0_20170109205251485.jpg,0
0_3_20161219230414376.jpg,1
0_3_20170119155845146.jpg,2
1_1_20170114030019967.jpg,1
0_0_20170117141931817.jpg,1
1_0_20170117121926916.jpg,3
0_1_20170113190556169.jpg,4
0_0_20170117183228479.jpg,2
1_0_20170119192708105.jpg,3
1_1_20170112235121616.jpg,2
0_0_20170104170338177.jpg,4
0_4_20170117153255579.jpg,2
1_0_20170109204539812.jpg,0
1_0_20170109193813519.jpg,0
0_0_20170117131123126.jpg,4
0_2_20170116161902902.jpg,2
0_1_20170117012858687.jpg,2
1_1_20170112235043081.jpg,2
0_0_20170117185833850.jpg,4
1_0_20170109192805549.jpg,0
0_4_20170104200459608.jpg,4
1_0_20170109193140411.jpg,0
0_0_20170110231703804.jpg,2
0_0_20170119201904027.jpg,4
1_0_20170109193930338.jpg,0
1_1_20170116164843976.jpg,2
0_2_20170119184036351.jpg,4
0_0_20170104012315465.jpg,1
1_1_20170116225245726.jpg,1
0_1_20170113151409719.jpg,4
1_0_20170103181519681.jpg,4
1_1_20170116160506632.jpg,4
0_2_20170119180202654.jpg,2
1_4_20170104010111013.jpg,1
1_2_20161219195325019.jpg,0
0_0_20170117151732148.jpg,2
0_0_20170104184807318.jpg,2
1_1_20170113001556123.jpg,2
1_0_20170102234805899.jpg,2
0_0_20170117204124336.jpg,2
0_0_20170117134248038.jpg,3
0_4_20170103234633420.jpg,2
0_0_20170110232818695.jpg,1
0_3_20170119205541880.jpg,4
0_0_20170117172149820.jpg,4
1_0_20170117180006484.jpg,1
1_3_20170119193105762.jpg,2
0_0_20170116220957524.jpg,4
1_0_20170109214635943.jpg,1
0_0_20170117120925622.jpg,4
1_1_20170116160935586.jpg,2
1_4_20170104165941169.jpg,1
1_4_20170104005731615.jpg,2
0_0_20170117171713186.jpg,4
0_0_20170110215956675.jpg,0
0_1_20170110231713914.jpg,1
1_2_20170109213146944.jpg,2
0_3_20170117153047475.jpg,2
0_1_20170117135045974.jpg,3
0_0_20170117154810113.jpg,4
1_3_20170104232156258.jpg,2
0_0_20170110232605131.jpg,2
1_0_20170104005712405.jpg,2
0_0_20170120133327900.jpg,2
0_0_20170117153823071.jpg,4
1_0_20170109212814819.jpg,2
1_0_20161219203021180.jpg,0
0_0_20170110215523228.jpg,2
1_0_20170109191823943.jpg,0
1_3_20170104221847479.jpg,1
0_0_20170117134213422.jpg,2
1_3_20161220220046801.jpg,0
1_0_20170117192922563.jpg,2
0_3_20170119194808322.jpg,2
1_0_20161219224527744.jpg,0
0_2_20161219192503459.jpg,2
1_0_20170109203638205.jpg,1
0_0_20170110225540554.jpg,1
1_2_20170116180828579.jpg,1
0_2_20170104012541763.jpg,2
1_4_20170103223618431.jpg,2
0_3_20170117151048707.jpg,3
1_0_20170109214042490.jpg,1
0_3_20170117121740949.jpg,4
0_1_20170117020124788.jpg,2
1_0_20170117140619087.jpg,2
0_0_20170110220546177.jpg,1
0_3_20170104225749698.jpg,2
1_2_20170116185947151.jpg,2
1_2_20170116194052786.jpg,1
0_3_20170119195305345.jpg,3
1_0_20170111182452922.jpg,2
0_0_20170116213501446.jpg,2
1_3_20170119193134801.jpg,2
0_1_20170117173446675.jpg,4
1_1_20170112215232959.jpg,3
1_1_20170114031019426.jpg,1
0_0_20170117154715268.jpg,4
1_1_20170113011638655.jpg,2
1_3_20170119152746104.jpg,1
1_2_20161219212214190.jpg,0
0_3_20170119202012733.jpg,3
0_4_20170113161453036.jpg,3
0_4_20170103201002253.jpg,1
1_0_20170103210428066.jpg,1
0_0_20170110225130741.jpg,1
0_0_20170110231646278.jpg,1
1_1_20170112213636293.jpg,2
1_1_20170117202024231.jpg,1
0_3_20170104214719799.jpg,3
1_0_20170109221130179.jpg,1
0_2_20161219203122004.jpg,0
0_4_20170117172212027.jpg,4
0_1_20170117193231107.jpg,2
1_1_20170112215205776.jpg,2
1_0_20170117131121016.jpg,2
0_0_20170103180152583.jpg,2
1_2_20161219162730478.jpg,0
0_1_20170117171504577.jpg,4
1_0_20170110154654768.jpg,4
1_0_20170109213635068.jpg,1
1_2_20170116182714846.jpg,1
0_0_20170120220716290.jpg,4
0_3_20170117183126213.jpg,2
0_3_20170119153330881.jpg,2
1_4_20170117195954341.jpg,2
0_1_20170113183259413.jpg,2
0_0_20170110232058918.jpg,1
1_0_20170104021946334.jpg,2
1_0_20170109213511851.jpg,2
1_1_20170113013001026.jpg,2
0_0_20170104211906453.jpg,4
1_1_20170113000450474.jpg,1
0_1_20170117163236613.jpg,3
0_3_20170119200707996.jpg,1
0_3_20170104225533201.jpg,1
1_1_20170112192422750.jpg,1
1_2_20170104020928085.jpg,1
1_0_20170116002134414.jpg,2
1_0_20170116200842891.jpg,1
1_0_20170116191956794.jpg,1
0_3_20170119201917284.jpg,1
0_3_20170117020054178.jpg,2
1_4_20170109201742209.jpg,1
0_0_20170105183430767.jpg,2
1_1_20170112235107208.jpg,2
0_3_20170117170421496.jpg,2
1_0_20170108225418569.jpg,3
0_0_20170117021640307.jpg,2
0_0_20170109193647852.jpg,0
0_0_20170110232124117.jpg,1
0_0_20170117194328411.jpg,2
0_2_20161220144911423.jpg,0
0_0_20170105164112403.jpg,4
1_4_20161221201957481.jpg,0
1_1_20170116223034191.jpg,4
1_0_20170109212538216.jpg,4
1_4_20170103233356803.jpg,2
1_2_20170104020913116.jpg,1
0_0_20170110232443234.jpg,1
1_0_20170117141204569.jpg,1
0_3_20161219224655512.jpg,0
0_0_20170116214404363.jpg,4
1_2_20170104021105972.jpg,0
1_0_20170109212425897.jpg,2
0_0_20170116215747049.jpg,4
1_4_20170117203627007.jpg,2
1_2_20170116192946857.jpg,2
1_0_20170109213559869.jpg,1
0_0_20170110220236260.jpg,1
1_1_20170109214053896.jpg,1
1_2_20161219204019100.jpg,0
0_0_20170117005807799.jpg,4
1_3_20170119152842760.jpg,2
1_2_20170116184237219.jpg,1
0_0_20170116233233803.jpg,4
1_4_20170117202422103.jpg,2
1_2_20161219221237927.jpg,0
0_0_20170103201316167.jpg,0
0_4_20170110232416743.jpg,1
0_3_20170119164640918.jpg,2
1_1_20170116000638538.jpg,2
0_0_20170110225447389.jpg,1
0_2_20170117142033818.jpg,2
1_4_20161223230018963.jpg,2
1_0_20170117171540757.jpg,1
0_1_20170117191944663.jpg,2
1_0_20170109213954271.jpg,1
1_2_20170109214034666.jpg,1
1_0_20170104013351986.jpg,2
0_0_20170120224756433.jpg,2
